epoch,model_variant,estimator,train_loss,train_policy_success_mean,train_mse_loss,train_fairness_penalty,train_mean_score,train_max_score,train_min_score,train_pg_surrogate_loss,train_perturbed_objective_mean,train_perturbed_objective_std,train_base_objective_mean,train_avg_allocation_mean,train_avg_allocation_objective_mean,train_grad_score_norm,val_loss,val_policy_success_mean,val_mse_loss,val_fairness_penalty,val_mean_score,val_max_score,val_min_score,val_pg_surrogate_loss,val_perturbed_objective_mean,val_perturbed_objective_std,val_base_objective_mean,val_avg_allocation_mean,val_avg_allocation_objective_mean,val_grad_score_norm
1,pg,score_function,0.022907911528212328,0.24429703938464323,0.048700289257491626,0.0003110122824807604,0.03350032063705536,0.2942172105734547,-0.20965188276022673,-0.002997294463663517,0.008024441434827168,0.0007754292055324186,0.011266382042473802,0.055543305817991495,0.00802444158034632,9.490629663070044,0.020730768516659736,0.37708725333213805,0.03872364163398743,0.0004544521492789499,0.06546471789479255,0.1542643904685974,-0.0011875420808792115,-0.0009033131849719211,0.0041666186414659025,0.000521786866011098,0.006167597137391567,0.04441105872392655,0.0041666186414659025,4.373389035463333
2,pg,score_function,0.019814732717350125,0.4198025204241276,0.03490396053530276,0.0011678595829162457,0.057715154718607664,0.4192046945293744,-0.27029846732815105,-0.003476545437782382,0.013154731723867977,0.0008902814552129712,0.016389199382198665,0.05910303354418526,0.013154731631705848,10.983829999963442,0.0174292653799057,0.36102859377861024,0.03335294350981712,0.0005779743056336884,0.057219119369983674,0.16024962663650513,-0.005017396062612534,-0.002137077326187864,0.004104661219753325,0.0008216987422201783,0.006287695071659982,0.045853367820382115,0.004104661161545664,3.7364948749542237
3,pg,score_function,0.025489419892740745,0.3426970764994621,0.03458072058856487,0.0021807383108315057,0.05055773009856542,0.41801027581095695,-0.2726168980201085,-0.002704631776092962,0.010221839974595545,0.0007520286374832116,0.012685854700976051,0.043378276692237705,0.010221840071608312,8.971638868252436,0.01779090128839016,0.29387017488479616,0.032809557020664216,0.0008648546354379505,0.047186761349439624,0.1565439522266388,-0.010650786012411118,-0.0029381505213677884,0.005299345031380654,0.0007145433279220015,0.008462860900908708,0.06316105797886848,0.005299344845116139,5.6132930517196655
4,pg,score_function,0.017049944183478754,0.28182563247780007,0.03521269420161843,0.0005753596062428867,0.06842314762373765,0.4628538154065609,-0.23518199287354946,-0.0034332008290220983,0.013730305673864981,0.0007682688944138741,0.016223305855722476,0.04917464746783177,0.013730306032812223,9.737138832608858,0.012442592345178128,0.2718562513589859,0.032974603772163394,0.00032488985161762687,0.08386261165142059,0.2389090120792389,-0.0014251223765313625,-0.005669158603996039,0.012975047342479229,0.0011943897465243936,0.01711855735629797,0.0825721189379692,0.012975048460066318,9.180219054222107
5,pg,score_function,0.02232209759919594,0.2994083787004153,0.03159205747457842,0.002046746207270189,0.09424814178297918,0.4920405137042205,-0.18609854454795519,-0.0037076623896912984,0.01563915969260658,0.0007828765265003312,0.017929897760041058,0.04819808508424709,0.015639159479178488,9.71445886294047,0.01805979423224926,0.2456238240003586,0.032405299693346025,0.0005274339913739823,0.09673966020345688,0.2780861437320709,-0.0002628691494464874,-0.0007800253748428077,0.007368356478400529,0.0006500182571471669,0.009009543340653181,0.03659855956211686,0.007368356920778751,4.342332124710083
6,pg,score_function,0.016998406887675326,0.2513121496886015,0.03366552270017564,0.0009480693787184968,0.10573847126215696,0.5230564698576927,-0.18431061917605499,-0.004574701373106412,0.017271290664211847,0.0007505781407720254,0.019523893114334594,0.04874937065566579,0.01727129092614632,9.034821112950643,0.020689248479902743,0.25810946226119996,0.030688469484448432,0.0008539550282876008,0.11306920945644379,0.3275256633758545,0.0001712472760118544,0.0010752385249361395,0.01616020519286394,0.0009355493471957743,0.01930038183927536,0.06941106095910073,0.01616020519286394,7.460092782974243
7,pg,score_function,0.01751364752029379,0.2536005216340224,0.03249362933759888,0.0011903970981800664,0.13407389478137097,0.5773133635520935,-0.17539763202269873,-0.004685152450595827,0.020249342856307823,0.0007527636395631513,0.022380169209403295,0.0496839297702536,0.020249343224956345,9.166596124569574,0.018930451571941377,0.23053276240825654,0.03185539245605469,0.000361585515565821,0.15053647458553315,0.3902951657772064,0.0003492893069051206,0.0011948276543989778,0.019165227934718133,0.0013840940489899367,0.022188207693398,0.06304086595773697,0.019165228120982647,6.5949671268463135
8,pg,score_function,0.016807764613380034,0.25402185196677846,0.03177757801798483,0.0007616342853265697,0.16578860580921173,0.625060518582662,-0.11899616353912279,-0.002889195927612794,0.026430689632737387,0.0008386187667686803,0.02889207238331437,0.0572339139568309,0.026430690302125488,9.839694072802862,0.01883709616959095,0.27502168118953707,0.02898162677884102,0.0008788723675024812,0.18392575681209564,0.4418458342552185,0.0004782314645126462,-4.807868972420692e-05,0.027087485790252684,0.0010147498222067952,0.03034742660820484,0.07632211670279503,0.027087485790252684,9.475110900402068
9,pg,score_function,0.0181653329054825,0.31866978481411934,0.027810275088995695,0.0016006942220959293,0.18794965309401354,0.6600558931628863,-0.12088130383441846,-0.003743276172220552,0.023050214668425422,0.0006871220642400052,0.02509786586354797,0.04740528471302241,0.023050215017671388,8.639878501494726,0.01492596259340644,0.32928518056869505,0.025972887128591537,0.0006859832557893242,0.18745157420635222,0.4726763904094696,0.0004384967964142561,-0.0014903968840371817,0.023949422873556614,0.0007740793051198124,0.026758884266018867,0.06316105797886848,0.023949423618614674,7.622604531049729
10,pg,score_function,0.01962364847228552,0.33852754284938175,0.026227964864422876,0.0012188885280816446,0.18048935383558273,0.6710278391838074,-0.11661944755663474,0.0004152235123910941,0.026443050116843853,0.0008245995334921948,0.02877281982606898,0.05493426613975316,0.026443050213856623,10.170222088694572,0.016375679522752762,0.3040858507156372,0.026146024465560913,0.0009076165573787875,0.17575159668922424,0.4574897050857544,0.0002402200479991734,-0.0012354152277112007,0.01731565613299608,0.0007930390653200448,0.019999426417052747,0.0467548094689846,0.01731565557420254,5.402659130096436
11,pg,score_function,0.0116994427711082,0.31001078709959984,0.026862084943180282,0.0007875498214833243,0.18081243646641573,0.6771646837393442,-0.10053541759649913,-0.0056693488149903715,0.026789752126205713,0.0007322745950659737,0.0288289375603199,0.052429855801165104,0.026789752087400604,9.248961672186852,0.01241714581847191,0.28436444997787474,0.026269135996699333,0.0010008403041865677,0.19741411805152892,0.5174738824367523,0.00014258008159231394,-0.005721623357385397,0.02116129929199815,0.0009143228293396532,0.023551758006215097,0.049879807978868484,0.0211612980812788,7.132622766494751
12,pg,score_function,0.01513611744546021,0.3099819639076789,0.026018975224966805,0.0015944853102022687,0.2156225685030222,0.7075141097108523,-0.07916072249645367,-0.005845796704913179,0.031144583170923095,0.000781732762940616,0.03351710144973671,0.05666162686732908,0.031144583714194596,9.679397160808245,0.01621771864593029,0.2808064103126526,0.025579027086496352,0.0012718970485423142,0.2342645525932312,0.5854057312011719,0.0002751658350462094,-0.0029312799219042064,0.023501314409077167,0.0006097083911299706,0.02564184069633484,0.04831731021404266,0.023501314874738454,5.8259068608283995
13,pg,score_function,0.01597432914422825,0.3174355986217658,0.024464833705375593,0.0011564037759465389,0.2286208706597487,0.7218627060453097,-0.05376944555367421,-0.0020401065921760164,0.03190344528411515,0.0007079432016325882,0.03410020685987547,0.05440398228044311,0.03190344478935003,8.63395560781161,0.016381494514644147,0.29010744094848634,0.024947866797447205,0.0017446383332753613,0.21554067730903625,0.5867217183113098,0.0001226645996212028,-0.0048156308475881815,0.025027880910784006,0.0008422655751928687,0.027454589772969485,0.051322116144001485,0.025027881376445293,5.301323962211609
14,pg,score_function,0.01873132778564468,0.30662629939615726,0.024645440901319187,0.001255162827002702,0.20961827846864858,0.7421226774652799,-0.07337817449176025,0.00013279302947921678,0.029114554189921666,0.00068306403409224,0.031101679196581244,0.05007245445934435,0.029114554907816153,7.831368724505107,0.01971995159983635,0.2955220460891724,0.025076278671622276,0.0011379322510038036,0.21320103406906127,0.5822618246078491,0.0001295721347560175,0.0014921508030965925,0.03541530668735504,0.0012612032471224666,0.03847605511546135,0.07319711595773697,0.03541530705988407,8.74030237197876
15,pg,score_function,0.019573435303755105,0.3286732534567515,0.02361914818175137,0.001017284932364267,0.2010193206369877,0.7364323909084002,-0.07098046308965422,0.002677436306839809,0.02779927207545067,0.0006764654766205543,0.029590793458434444,0.048035324357139565,0.027799272967968136,8.287364050745964,0.013935258239507675,0.3349721968173981,0.02343677431344986,0.0008192917914129794,0.18910616338253022,0.5599260210990906,0.0001784004271030426,-0.0018795873271301388,0.018346041766926648,0.0009140676236711442,0.020017553633078933,0.039723557978868486,0.018346041953191162,3.810116004943848
16,pg,score_function,0.010226301848888397,0.37054647132754326,0.02294924668967724,0.0007356293794747634,0.1874057905127605,0.7218310733636221,-0.07016824228533854,-0.004926468296616804,0.036020795174408704,0.0008285705019564679,0.038499595665295296,0.06653225841000676,0.036020795232616365,10.176496833562851,0.012176617421209813,0.3360051572322845,0.023770277202129365,0.0014028015939402394,0.1816732257604599,0.5598172962665557,0.00010711421782616526,-0.006722529488615692,0.03140775635838509,0.0008384433342143894,0.034056326001882554,0.06784856021404266,0.031407757103443144,8.94487219452858
17,pg,score_function,0.018231642626536388,0.30757464095950127,0.02523560084713002,0.001518341236381578,0.18969153923292956,0.7197180092334747,-0.057161293026486724,-0.0019778639568054737,0.032338615894938506,0.0007023138993342096,0.034429525452045105,0.05800571292638779,0.03233861624418447,8.534597665071487,0.016030824184417723,0.2477296233177185,0.026379457116127013,0.0018658205066458323,0.1838518500328064,0.5831774353981019,0.00012693878379650415,-0.006488006748259068,0.01871569948270917,0.0011835078184958547,0.020581272058188917,0.038161057978868484,0.018715699762105943,7.531259989738464
18,pg,score_function,0.011600474962809434,0.2818363302697738,0.02541355392895639,0.0009713914781800023,0.20001701141397157,0.7291602318485578,-0.029466648324159905,-0.0059632593280791,0.030018900521099567,0.0007255810645195501,0.03196382311095173,0.05291813674072424,0.03001890123899405,9.091536385317644,0.017616393975913525,0.2936075985431671,0.023769891634583474,0.0018570475511296535,0.20981896817684173,0.6075326919555664,0.00046374297817237676,-0.0035537895746529102,0.029452048428356647,0.0011088251485489309,0.032068609818816186,0.05847355835139752,0.02945204935967922,8.71908712387085
19,pg,score_function,0.016157693210213136,0.3136431785921256,0.02410823533621927,0.0015810766252949786,0.2310501883427302,0.7509173080325127,-0.04044909505561615,-0.003801807470154017,0.025909155801249046,0.0006630070480847886,0.02770936438658585,0.04233871020066241,0.025909157198232908,8.429209331671396,0.022920339088886976,0.32511619925498964,0.02307913191616535,0.0024641837248509544,0.2283712923526764,0.6182981610298157,0.0007860418350901455,-0.0009401461342349648,0.026552004180848597,0.0009144565323367715,0.028565370291471482,0.051322116144001485,0.02655200380831957,5.8824157357215885
20,pg,score_function,0.015535872972880801,0.335045179973046,0.02325765012453,0.0015412716149588352,0.23103314141432443,0.7542820125818253,-0.04694530570607943,-0.0037993102547867843,0.035088202896683164,0.0007844148761554001,0.03734353856028368,0.05847299269710978,0.03508820435187469,9.51229676604271,0.009512119647115468,0.2592893600463867,0.025352907180786134,0.0008607170544564724,0.23297737538814545,0.6094715237617493,0.0004499052185565233,-0.007467919308692217,0.02465538550168276,0.001092026085825637,0.026855058036744595,0.048317310959100725,0.024655385687947274,7.067088866233826
21,pg,score_function,0.017355306908333052,0.23363707462946573,0.027772570805003245,0.0015392006626863501,0.24146208042899767,0.7611373737454414,-0.04906356113497168,-0.004226981506993373,0.02979390530769403,0.0007590007638403525,0.03194130695192143,0.04905388958286494,0.029793905501719564,9.191116909186045,0.016270046681165697,0.205375075340271,0.02774108462035656,0.0015057142682053382,0.24061940610408783,0.6450310826301575,0.0005267753876978531,-0.005129067553207278,0.024455302814021706,0.0008251116843894124,0.02631908361800015,0.04429086595773697,0.024455302534624933,4.644574284553528
22,pg,score_function,0.015666397676492732,0.26928874601920444,0.02550429990515113,0.0007082629746631616,0.21918498041729131,0.7636768370866776,-0.05029955191033272,-0.0006270671728998423,0.028695074433926493,0.0007830289778212318,0.030676338685831677,0.04819808508424709,0.02869507441452394,9.594097311298052,0.0161480899900198,0.2833885818719864,0.024300320819020272,0.00040385738830082116,0.22244867384433747,0.6226231932640076,0.0008767111925408244,0.0019786428892984986,0.024475021800026298,0.0011247428774368018,0.026758349779993296,0.047536057978868486,0.024475021846592428,8.129174709320068
23,pg,score_function,0.019264922244474292,0.3280989279349645,0.02308944092753033,0.001639369333427491,0.2180690219004949,0.7433613191048304,-0.04376874541048892,-0.000476644888597851,0.028073940503721435,0.0006456530439512184,0.029917728311071794,0.046244959851416446,0.028073939979852486,7.907028506199519,0.015014862827956676,0.3206458270549774,0.023162424564361572,0.0006293604654274531,0.20681849718093873,0.6010136127471923,0.00041453439625911416,0.00028684856370091437,0.036957473307847974,0.0011961964366491884,0.04011993333697319,0.07475961744785309,0.036957474797964095,8.130277371406555
24,pg,score_function,0.017049800119517993,0.30797625208894414,0.023706125793978572,0.001220947343597345,0.2002099740008513,0.7410476381580035,-0.054370084195397794,-0.000907999356665338,0.027787860337411985,0.0007438106804329436,0.029636490566190332,0.04819808481261134,0.02778786010458134,9.173387636741003,0.013887392170727254,0.2936935842037201,0.023449306190013886,0.0004408551161304786,0.18144929707050322,0.5961228609085083,0.00027431870403233917,-4.153666086494923e-05,0.016646782495081426,0.0010317222913727164,0.018439758010208605,0.03425480835139751,0.01664678268134594,4.925202870368958
25,pg,score_function,0.015768366827008624,0.3232300269107024,0.02294700142617027,0.0012506303197975892,0.1913029191394647,0.7541387875874838,-0.057412951156341784,-0.001958285368649134,0.03435722485301085,0.0008798593953542877,0.03647690157716473,0.058840515945727624,0.03435722453286871,10.296047031879425,0.015547260269522667,0.2962755858898163,0.024178990721702577,0.00025679018544906286,0.17886632382869722,0.5835580110549927,0.00036943861632607875,0.002173814084380865,0.02952394764870405,0.001174146996345371,0.03201908525079489,0.0631610568612814,0.02952394764870405,10.273719024658202
26,pg,score_function,0.0153561633778736,0.29677710868418217,0.02483447811876734,0.0014814983371801798,0.1899513720224301,0.7439329599340757,-0.09660081955856488,-0.0044685676305865245,0.03377199924822586,0.0008737778662180062,0.036046971062508724,0.060567877255380154,0.03377199905420033,10.969239473342896,0.00828941510990262,0.2736297160387039,0.024901962652802468,0.00018889549965024345,0.1830322861671448,0.6019259810447692,0.00032022000523284077,-0.005106043757405132,0.021911995485424995,0.0006217448419192806,0.023565149679780007,0.04362980779260397,0.021911995578557254,6.339283204078674
27,pg,score_function,0.020150675205513835,0.27808254212141037,0.024880700279027224,0.0022739792439661066,0.18985969511171183,0.7378619785110155,-0.04662911729731908,-0.003659571331809275,0.028370624311113108,0.000742590459897959,0.03032625839114189,0.049358409053335585,0.02837062448573609,8.964938620726267,0.01148714330047369,0.24185350239276887,0.026620035618543626,0.0005010081280488521,0.19764876663684844,0.618123733997345,0.00045281514467205853,-0.004327915282920003,0.028984634950757027,0.001379825989715755,0.03124401643872261,0.05679086595773697,0.02898463383316994,7.394340562820434
28,pg,score_function,0.015471136410875866,0.2718327653904756,0.02546208763184647,0.0006238350507980309,0.19809316719571748,0.744768351316452,-0.0827751079632435,-0.00037908264494035393,0.03151961502347452,0.0007086888205473466,0.03358873248604747,0.054424983294059835,0.03151961515929239,8.711029266317686,0.012668712437152863,0.24262445867061616,0.02608100473880768,0.00018032045318250312,0.18561701476573944,0.585718297958374,0.0003916249028407037,-0.0012733919778838755,0.017113184090703726,0.000896302133332938,0.018782625533640386,0.03503605835139752,0.017113184556365013,5.740217971801758
29,pg,score_function,0.016046261182054877,0.3131367675960064,0.024078742833808064,0.001051919140593327,0.18490978827079138,0.7258460621039072,-0.06599367076220612,-0.0012527059006970376,0.028838206140790135,0.0008330423224833794,0.030842588904003303,0.05182081647217274,0.028838205519908417,10.000074128309885,0.008001451566815376,0.3345324039459229,0.023011614754796027,9.747974922902358e-05,0.1748935967683792,0.5644865870475769,0.0006560372887179256,-0.003991754609160125,0.02299007885158062,0.0012215579976327718,0.025185989774763586,0.05144231058657169,0.02299007885158062,8.617731952667237
30,pg,score_function,0.015101358915368715,0.34782599844038486,0.022160762377704184,0.0014130603658391767,0.17627338226884604,0.6991891687115034,-0.08709952786254387,-0.0030443241751830405,0.028051238351811964,0.0007090458493621554,0.029967658997823794,0.05259261685811604,0.02805123828390303,9.142457424352566,0.010824438743293285,0.313024228811264,0.02328801527619362,0.00010566199962340761,0.17691681385040284,0.5841868281364441,0.00031302028510253875,-0.0013478789012879133,0.02158593647181988,0.0010319407796487213,0.023274381086230277,0.04441105797886848,0.02158593721687794,7.024749827384949
31,pg,score_function,0.020299335825257003,0.2746756598353386,0.0254915125357608,0.0023726169813850597,0.20120125450193882,0.7381349404652914,-0.0850954595565175,-0.004309505214526628,0.030564588281170774,0.0008156339057071212,0.03255086594920916,0.05267662166928252,0.030564587699094165,9.494036118189493,0.007953638210892677,0.19851547181606294,0.028924692422151566,0.00036822903084612337,0.21474379003047944,0.636891782283783,0.0004284471273422241,-0.008349853102117777,0.019495107885450124,0.00120557164773345,0.021480640675872565,0.03737980797886849,0.019495108257979156,6.247606635093689
32,pg,score_function,0.016049426048994064,0.20280356891453266,0.031024128664284945,0.0006399764650192689,0.22011087586482367,0.7727717384696007,-0.027032256313153386,-0.002662520797457546,0.033251270302571356,0.0007320163046339682,0.03533800943599393,0.05409946230550607,0.03325127103986839,8.934214229385057,0.006296341121196747,0.24592336416244506,0.02641318216919899,0.00010490549138708616,0.21057510375976562,0.6210177063941955,0.0005135997722391039,-0.007434777299249617,0.03485628291964531,0.0006226170673471643,0.03707431554794312,0.06706730797886848,0.03485628217458725,7.942216436704621
33,pg,score_function,0.01147082372335717,0.30277643849452335,0.02376553090289235,0.0010361233232742961,0.22547780411938825,0.7754712253808975,-0.038510230820975266,-0.005592558368031557,0.035962352936621755,0.0007863887464433598,0.038236657041125,0.05967531946953386,0.03596235242245408,9.173759053150812,0.008447391353547573,0.3136376678943634,0.022826799750328065,0.00022628087269822573,0.2100217252969742,0.6732058048248291,0.0003693542559631169,-0.004097412875853479,0.02995247058570385,0.0009278868150431663,0.031946088187396526,0.055228366144001485,0.02995247021317482,5.674434185028076
34,pg,score_function,0.01759637046294908,0.3384947342177232,0.02134747081436217,0.00261541482963897,0.2255068365484476,0.779966190457344,-0.02084940837054698,-0.006154439606082936,0.032257082008679085,0.0006999642088582428,0.03419999893715916,0.05147429439239204,0.032257082658664636,8.637491082151731,0.011539943516254425,0.331482458114624,0.022711950913071634,0.0007867585463827709,0.24407669603824617,0.6797848582267761,0.0009283713006880134,-0.0037498247576877473,0.028984802588820458,0.0009087782935239374,0.031454524770379064,0.05132211595773697,0.02898480389267206,6.257551312446594
35,pg,score_function,0.019330559046162914,0.35145275046428043,0.02263594752488037,0.0015066904094283018,0.25956383471687633,0.7887050285935402,-0.028414553232020506,0.0004791330817776422,0.031804056702336915,0.0006964207495911978,0.03375764338610073,0.04891213060667118,0.03180405658592159,8.830046772956848,0.011450726725161075,0.35647253394126893,0.022220836952328682,0.000553422267694259,0.2218286097049713,0.6491220593452454,0.0005797852587420494,-0.002426802925765514,0.028428983688354493,0.0009639601106755435,0.03091614581644535,0.05222355797886848,0.02842898517847061,7.654097902774811
36,pg,score_function,0.011467506100113193,0.333727332452933,0.021866997238248587,0.0015257921753194144,0.22990670489768186,0.7877096608281136,-0.02819073766962295,-0.007094953102447714,0.034190973199050255,0.0007736680806071187,0.03630346457551544,0.05438298049072424,0.03419097338337451,9.818924921254316,0.005237027257680893,0.25901651978492735,0.024915896728634833,0.0004938593447150197,0.23216492831707,0.671516764163971,0.0003180117259034887,-0.009690217906609178,0.029981042258441448,0.0009884801052976399,0.03222769042477012,0.05288461614400149,0.029981042817234994,5.490172266960144
37,pg,score_function,0.016816365338551503,0.25694855364660424,0.025882981174315017,0.0010647079577665863,0.23927363008260727,0.793887714544932,-0.03461611726470437,-0.0014486651149733614,0.03460140672783988,0.0008311637660275059,0.03677022237873947,0.0555643072972695,0.03460140639799647,9.788678805033365,0.017303499951958658,0.22084719240665435,0.02654634341597557,0.00022341389631037601,0.2391458958387375,0.6570544004440307,0.00026837059122044595,0.002913258271291852,0.025450230576097965,0.0009332372748758644,0.02750998567789793,0.04519230797886849,0.02545023141428828,6.16729633808136
38,pg,score_function,0.012073391602219393,0.22788618070383868,0.02736124877507488,0.0008244720561378927,0.2596276259670655,0.7993612537781397,-0.01210814576491733,-0.00572959310375154,0.0345943165399755,0.0007838042226164058,0.03683153236246047,0.05346942273899913,0.03459431678250743,9.320343554019928,0.016190598346292974,0.18708293437957763,0.029232503101229667,0.0002646293243742548,0.27688870429992674,0.6888751268386841,0.0005960401322226971,0.00025120023638010026,0.03809868544340134,0.0009346994687803089,0.04076922498643398,0.0639423094689846,0.03809868693351746,6.68727787733078
39,pg,score_function,0.01597242699547981,0.21912818277875581,0.027162318971628945,0.000801543125273696,0.27986214744548005,0.8091127077738444,-0.02308673801386855,-0.001616448222193867,0.03039893040355916,0.0007107233250280842,0.032409877050668,0.045431158039718866,0.030398931237868965,9.11447647958994,0.0154232288710773,0.23071160018444062,0.025081711262464522,0.00106964649571637,0.25840052366256716,0.6979732275009155,0.0003288939071353525,-0.002465859055519104,0.025804612878710033,0.0010610057215671986,0.02801954559981823,0.04350961595773697,0.025804612692445515,7.305166172981262
40,pg,score_function,0.021559278713539243,0.2573417406529188,0.024437009124085307,0.0015591718138997142,0.2581038971741994,0.8042274986704191,-0.015941672810489155,0.0015449152560904622,0.02958393832280611,0.0006553467016298479,0.031399378494825214,0.04521064429233471,0.029583938545935478,7.728982453544934,0.009903275221586228,0.22871504127979278,0.026525289937853812,0.00036444529359869193,0.26934596300125124,0.6725526809692383,0.0006022920424584299,-0.00518159638158977,0.03808604665100575,0.0011627432890236379,0.04081117883324623,0.06538461670279502,0.03808604963123798,9.945765805244445
41,pg,score_function,0.018235967378132045,0.22685927587250868,0.027888952443997066,0.0010744190646428582,0.26952452088395756,0.7749245117108027,-0.025968285155613557,-0.0010806044325969804,0.03559014943311922,0.0008199618144620521,0.03810062235182462,0.05753843253478408,0.03559014873462729,9.617221335570017,0.007031380198895931,0.2138300657272339,0.027973263710737228,0.00022727808800482308,0.24543266892433166,0.6246460318565369,0.0005039181734900922,-0.0080916419159621,0.04020725712180138,0.0014808770967647434,0.04320654422044754,0.07698317319154739,0.040207257866859435,8.662569379806518
42,pg,score_function,0.018384687951765954,0.18548643961548805,0.03118331350075702,0.0007848763439379051,0.2330170130978028,0.7681602438290914,-0.03149334003652863,-0.0011313502933868829,0.02883475828760614,0.0006660405063788252,0.030690357574106503,0.04787256409569333,0.028834758937591687,8.14038160443306,0.020323284156620502,0.1598932772874832,0.030587783828377724,0.0005066855759650934,0.22258534729480745,0.5955329537391663,0.00045617083960678426,0.002495964232366532,0.01654727468267083,0.0009412639265065081,0.017869548732414843,0.03257211595773697,0.01654727542772889,4.5687604427337645
43,pg,score_function,0.01668561971746385,0.19895359749595323,0.030498952449609835,0.0006818689186331994,0.22484158414105573,0.744571695725123,-0.06562699325453043,-0.0019732010065733143,0.030576916101078194,0.0007715503537231901,0.03280338749755174,0.05308089739022156,0.03057691656673948,9.567780142029127,0.01211344301700592,0.19822210669517518,0.029014598205685617,0.00030979160765127746,0.21307665407657622,0.5738841891288757,0.0004285652743419632,-0.003942814003676176,0.029111871868371962,0.0011719616770278663,0.03196773231029511,0.06147836670279503,0.029111871868371962,6.387979531288147
44,pg,score_function,0.013300462199064592,0.245313019802173,0.026166446429366868,0.0005601428147201659,0.2211337232341369,0.7448297714193662,-0.05426902473360921,-0.0025834750558715314,0.02350983788104107,0.0006800387936891639,0.02521603919255237,0.03975554462522268,0.02350983815267682,8.416138723492622,-0.00037257112562656404,0.2840957522392273,0.024068471416831015,0.00012082924326932698,0.21875297725200654,0.6162966966629029,0.0004425162740517408,-0.013010952901095153,0.03305844478309154,0.0010829461505636572,0.03589285388588905,0.06772836595773697,0.03305844664573669,7.041594314575195
45,pg,score_function,0.015314226019351432,0.31616396208604175,0.02312893591200312,0.0012285508518828554,0.24364231837292513,0.749407097697258,-0.06609302751894575,-0.0023929963669312806,0.028537967552741367,0.0006688249328969201,0.03055257875045451,0.04870736746427914,0.02853796672813284,8.33335946003596,0.01159291695803404,0.3129376292228699,0.022453342378139497,0.0002761573157840758,0.24223049581050873,0.6438397645950318,0.0004148712439928204,-0.0010145409032702446,0.022246617823839188,0.0010174855880904943,0.024202406778931616,0.04050480797886848,0.022246617078781127,6.700427103042602
46,pg,score_function,0.0078058581954489155,0.3307082864145438,0.02221768186427653,0.0009277261864351812,0.24275411603351435,0.7689054533839226,-0.02850345759634365,-0.00794161368200245,0.03231657538951064,0.0008006973954858646,0.03447007673094049,0.05342741978044311,0.03231657500145957,9.87431152164936,0.015236492548137904,0.29835004806518556,0.023487063869833947,0.0008773353634751402,0.25195993185043336,0.6886008977890015,0.00021064909524284303,-0.0008937160484492779,0.03994449367746711,0.0013814460020512343,0.042758287861943245,0.07151442617177964,0.03994449367746711,8.024103903770447
47,pg,score_function,0.012232390271189312,0.28879014402627945,0.02327720766576628,0.0009946742377409852,0.2666469526787599,0.8283674394090971,-0.01702304789311408,-0.004379585060329798,0.036743156728334725,0.000763929364135644,0.03891421932106217,0.054913264544059835,0.036743157310411334,9.202406167984009,0.016650474164634943,0.28880481123924256,0.02291468158364296,0.000513339376152544,0.260667097568512,0.7231244206428528,0.00024322192912222816,0.0026264363434165714,0.026285462081432343,0.0005798321159090847,0.027898089587688447,0.041286058723926544,0.026285462826490403,6.430103924870491
48,pg,score_function,0.014471654314547777,0.3094102560232083,0.022143436983848613,0.0013078038904469718,0.2676146657516559,0.8415764843424162,-0.007171539699508382,-0.0031390835841496787,0.03100815087479229,0.0006431059076324649,0.03276958353429412,0.04543115811732908,0.03100815157328422,8.189375335971514,-0.0031675854697823524,0.2889621824026108,0.022722895815968515,0.00035128123417962345,0.25539296865463257,0.7435803055763245,0.00019854883576044812,-0.01628543946426362,0.03568146899342537,0.0015392983448691666,0.03826063377782703,0.05835336744785309,0.03568146722391248,7.3141132354736325
49,pg,score_function,0.010838729795068502,0.2679222446555893,0.023426804148281615,0.00104470944180927,0.2691672332584858,0.8236513535181681,-0.032401570929626665,-0.006098219683906336,0.03352382887775699,0.000686383562424453,0.0354669961767892,0.04917464742902666,0.033523828140459955,8.621827493111292,0.020853003859519957,0.22585495114326476,0.02587377019226551,0.0004335304900450865,0.28726487755775454,0.7357611179351806,0.0004867734794970602,0.005748465843498707,0.03757983446121216,0.0013994649285450577,0.04062430486083031,0.060036059468984604,0.0375798337161541,9.012571787834167
50,pg,score_function,0.014670318846280376,0.2539001318315665,0.02429936151020229,0.0005735720010780673,0.2803733206043641,0.8412196561694145,-0.03156802369934061,-0.00034722205843233195,0.030390250428657357,0.0007086482752735416,0.032147710192172475,0.04374580015428364,0.030390250477163743,7.803337171673775,0.011139911599457264,0.27929473519325254,0.023088511452078818,0.0002631806523595515,0.25685452818870547,0.7422992587089539,0.00031866691424511375,-0.001720247697085142,0.037854839488863944,0.0011505766538903116,0.04012572430074215,0.06081730797886849,0.037854840978980064,7.621118402481079
51,pg,score_function,0.01438321937651684,0.30539680644869804,0.021633817271019023,0.001242877765769664,0.24136637710034847,0.8158829361200333,-0.02071394569520635,-0.002648077866372963,0.03395364220098903,0.0007437696100775307,0.03584602152113803,0.05155829980503768,0.03395364237561201,8.62341915567716,0.007719218172132969,0.3001003861427307,0.022967958077788352,0.0002720181824770407,0.23240027725696563,0.6956697821617126,0.0003003172809258103,-0.00512485159561038,0.0355136938393116,0.0014531255466863513,0.0380945511162281,0.061598557978868484,0.03551369570195675,10.573066782951354
52,pg,score_function,0.015195703987653056,0.29958471407492954,0.022576875208566587,0.001519751777162126,0.24582394460837045,0.7994982600212097,-0.0216321437909149,-0.0036914923208920905,0.03192951233359054,0.0006831051881211655,0.03393312369007617,0.04966292829097559,0.03192951301267991,8.524226953585943,0.006349858921021223,0.26849275529384614,0.023995503038167953,0.00037638286157744006,0.248560306429863,0.7041777849197388,0.0003611720632761717,-0.00752980699762702,0.024270167015492915,0.0012041673704516142,0.026411991752684116,0.0412860594689846,0.02427016794681549,8.794097280502319
53,pg,score_function,0.021305751443530124,0.3139467251797517,0.02261802142796417,0.001441874241488487,0.25357281665007275,0.7920507863163948,-0.03768897965619544,0.0027873696793297618,0.035635722374233104,0.0007684176744078286,0.037820037066315614,0.05538054462522268,0.03563572251005098,9.557828505833944,0.007460005953907967,0.32564576864242556,0.022758925333619118,0.0001121864523071281,0.24419465959072112,0.6850366830825806,0.00043318710231687874,-0.0044803890399634835,0.03319295272231102,0.0011853114177938552,0.03561529852449894,0.05913461670279503,0.03319295197725296,7.649051403999328
54,pg,score_function,0.018408748030196875,0.34078628321488696,0.021366253572826583,0.0014247411551716975,0.22127162603040537,0.7716677784919739,-0.06522889413887849,0.0006019156717229635,0.036919094854965806,0.0008577434479472382,0.03917191488047441,0.06111916216711203,0.036919095165406667,10.079892536004385,0.012085865437984466,0.3193996548652649,0.023162376880645753,0.00034997962247871326,0.20581498444080354,0.6261135816574097,0.00034909823152702303,-0.001245221309363842,0.031702089682221414,0.00079852124908939,0.034111570194363595,0.06316105797886848,0.031702089682221414,7.339876371622085
55,pg,score_function,0.018355270964093506,0.30951822300752,0.02327306188332538,0.0018827457730973645,0.22849779948592186,0.7639431183536848,-0.03833367860170256,-0.002694989082859441,0.03140459108787278,0.0007728474411123898,0.03352275141514838,0.05210433589915434,0.031404590932652354,10.078063605974117,0.008418556302785873,0.27614047527313235,0.02412896268069744,0.0005580449342232896,0.22326438128948212,0.6321016907691955,0.00041949441365431996,-0.006436149682849645,0.02073918832466006,0.0009291794674936682,0.022577131539583205,0.039723557978868486,0.020739187207072973,6.104162621498108
56,pg,score_function,0.012742332241032273,0.2964026952783267,0.023108866919452947,0.0009236079173812565,0.22542371849219003,0.7704379657904307,-0.023984737502056912,-0.0034301409614272416,0.032553609557605036,0.0008075781115621794,0.03452313856299346,0.05430422599116961,0.032553609441189714,9.5795984963576,0.009418749157339335,0.2816375732421875,0.023804375901818275,0.00018687142701310223,0.21758756339550017,0.6572172045707703,0.0002858494670363143,-0.0034177958965301513,0.028670842945575713,0.0012349539319984615,0.030945895239710808,0.0530048094689846,0.028670841827988625,7.759958648681641
57,pg,score_function,0.01676676624144117,0.3312178576985995,0.02151784929446876,0.0018223181781789795,0.2343695623179277,0.8044744978348414,-0.0334273625297404,-0.0031037492687270665,0.03151027190809449,0.0006666676699751406,0.03328478986319775,0.04940041185667118,0.031510272645391524,8.224392806490263,0.004634061641991138,0.33919757604599,0.02203926183283329,0.00024150412136805243,0.2266959637403488,0.6872109532356262,0.0005321580334566534,-0.007593089435249567,0.03301815213635564,0.0015478878689464183,0.035375100746750834,0.06069711614400149,0.0330181535333395,10.267835998535157
58,pg,score_function,0.014401289750821888,0.354847972591718,0.02092097435767452,0.0013297615861299998,0.2319255918264389,0.8020694553852081,-0.06368275167308941,-0.002708005517585358,0.032681490149116144,0.0007627436771144858,0.03461354423779994,0.05088625685311854,0.032681490818504244,9.329914972186089,0.0053975462913513185,0.33310626745224,0.02176407501101494,0.00024879151897039264,0.22033726572990417,0.68039470911026,0.00030698954651597887,-0.006728448532521724,0.02692782413214445,0.00120295638917014,0.0291274880990386,0.049759615957736966,0.02692782413214445,7.07417061328888
59,pg,score_function,0.01821761029229189,0.3335956061879794,0.021028436720371246,0.0019318925766202237,0.2213472363849481,0.785325954357783,-0.04207823177830505,-0.001956070863040319,0.03086385732361426,0.0007519386320685347,0.032811971846967936,0.050334971475725375,0.030863857983301084,9.097376336654028,0.01578208673745394,0.292479532957077,0.023263606801629068,0.0005017130162862316,0.22693975865840912,0.6621167898178101,0.00035903871466871353,0.001641718577593565,0.02379797361791134,0.001059626991627738,0.025526615604758263,0.04429086595773697,0.023797973804175854,6.7217864990234375
60,pg,score_function,0.016070069221314043,0.2883083050449689,0.022996954309443634,0.001139812248897254,0.21949810907244682,0.7602381035685539,-0.05937038698236089,-0.0011274691253978137,0.030326036086383585,0.0007764510707299147,0.03233310618088581,0.050681493730129056,0.030326037066212546,9.435672879219055,0.019839563593268394,0.25877746641635896,0.0250276867300272,0.0005070621402410325,0.21034935116767883,0.6563560485839843,0.0002073913026833907,0.004790409374982119,0.03205366153270006,0.001130861818091944,0.03540452215820551,0.06460336595773697,0.03205366171896458,7.632174253463745
61,pg,score_function,0.009706052156010022,0.26985939716299373,0.02378268400207162,0.0006182291373401464,0.216877156868577,0.7513232951362928,-0.05727046098581923,-0.005276435428337815,0.03151274969180425,0.0007204025805549463,0.03345389694247084,0.05279738005871574,0.03151275037089363,8.840295622746149,0.00823953002691269,0.2510138422250748,0.024476061388850213,0.0004670946279020427,0.230825537443161,0.7057498574256897,0.00032148563186638055,-0.006333973910659552,0.030136294290423395,0.001057196652982384,0.03290045075118542,0.05288461595773697,0.03013629503548145,7.018872094154358
62,pg,score_function,0.009880276377468059,0.29397211223840714,0.022707164598007996,0.0007998671101461241,0.24474326334893703,0.827724926173687,-0.04468402967631846,-0.005472641312129174,0.0358720336710879,0.0007468788814245878,0.037850932606185474,0.054708501401667796,0.03587203395242492,9.338240320483843,0.01356072761118412,0.31880574822425845,0.022193222120404244,0.0006012413241478498,0.24150621891021729,0.7330775380134582,0.0004136793460929766,-0.0005420899018645286,0.04388391226530075,0.0016727501177228987,0.0466868594288826,0.07319711595773697,0.04388391226530075,9.330515575408935
63,pg,score_function,0.011556551908142865,0.34578269471724826,0.020207284251227975,0.0012170347114306423,0.24492674134671688,0.8327071964740753,-0.033422834837134964,-0.004632263648090884,0.032301109769226365,0.0006942245017853566,0.03411100457500046,0.047079763685663543,0.032301110099069774,8.628271167476973,0.007718255091458559,0.3271037101745605,0.021151792630553244,0.000203720064018853,0.24062252044677734,0.7541287899017334,0.000394908752059564,-0.0038762414711527526,0.023502808623015882,0.0010562112147454172,0.02474641166627407,0.03725961595773697,0.02350280936807394,5.057151460647583
64,pg,score_function,0.012552748977517089,0.3548611104488373,0.020208192911619943,0.001306084153725351,0.24399135634303093,0.8583244234323502,-0.02445388287833339,-0.004081768206863974,0.04525525759284695,0.0008104042365933614,0.047510074373955526,0.06667401734739542,0.04525525844655931,9.618139187494913,0.003095757961273193,0.30279738306999204,0.022175655886530875,0.0004973874412826263,0.25027775168418886,0.760246992111206,0.000426992290886119,-0.010479007288813591,0.03613129779696465,0.0011761919362470508,0.038382429629564285,0.056790866702795026,0.03613129742443562,9.281593251228333
65,pg,score_function,0.015425729759347936,0.3190517897407214,0.021272991318255663,0.001321909924352364,0.2533596468468507,0.8540819784005483,-0.04281120151760357,-0.001820315441970403,0.036553330273212246,0.0006595036738872295,0.03836124643567018,0.053101899179940425,0.036553329914265,8.349623829126358,0.012061160989105701,0.30631946921348574,0.021782006323337554,0.0006777358892577467,0.24877137541770936,0.7578543186187744,0.0005819361831527203,-0.0022185218855156562,0.02424811301752925,0.0011766687559429557,0.025924218259751795,0.03816105835139751,0.02424811227247119,6.955107975006103
66,pg,score_function,0.015598182915709913,0.31773949538667995,0.021412266961609323,0.0012340815176397069,0.24375654570758343,0.8126785010099411,-0.06475945126840088,-0.001278358216950437,0.03152369110224148,0.0006558358193918442,0.03325599720119499,0.04803532424072424,0.03152369101492999,8.190503651897112,0.022762186545878648,0.30362555384635925,0.022393913194537162,0.0004945086315274238,0.22336550056934357,0.7403905153274536,0.0002982497971970588,0.009092686841086106,0.03590776491910219,0.0010438251192681491,0.03817715048789978,0.06237980797886848,0.035907766222953795,8.775949835777283
67,pg,score_function,0.018355939479079098,0.264871209859848,0.02403609307172398,0.001162859136940142,0.22332979614535967,0.8068547497193018,-0.05175707184882109,0.000523597346424746,0.029923692209801327,0.0006859017491175715,0.031664241144123174,0.046449722877393164,0.029923692723968998,7.936922897895177,0.010521060787141323,0.24080151617527007,0.026181299611926077,0.00021532485261559485,0.22515303492546082,0.7387961626052857,0.0002880270883906633,-0.0036462135147303345,0.046040868386626244,0.001458089065272361,0.048888062685728075,0.08022836595773697,0.046040871366858485,9.832868719100953
68,pg,score_function,0.017264468090919156,0.25973576307296753,0.02476473501883447,0.0012141834461492824,0.20819536472360292,0.7876388529936472,-0.05775237902707886,-0.0011888166639740423,0.02937125299164715,0.0005873364989383845,0.030943812802433968,0.04756804495506609,0.029371252981945872,7.059200445810954,0.0067025886848568915,0.2601945519447327,0.023706166818737984,0.00036120074219070375,0.20899103879928588,0.6926605939865113,0.0006068598187994212,-0.006956498371437192,0.014714201912283897,0.0007133683131542057,0.015714127011597155,0.024879808351397515,0.014714201539754867,5.550368010997772
